Solver,Benchmark,Result,Time,Exprs
cvc4-syguscomp2019___v1_PBE_Strings-f/,./euphony/stackoverflow7.sl,SUCCESS,0.26,22
cvc4-syguscomp2019___v1_PBE_Strings-f/,./euphony/join-cells-with-comma.sl,SUCCESS,0.03,20
cvc4-syguscomp2019___v1_PBE_Strings-f/,./euphony/find-nth-occurrence-of-character.sl,SUCCESS,12.82,36
cvc4-syguscomp2019___v1_PBE_Strings-f/,./euphony/stackoverflow8.sl,SUCCESS,15.13,76
cvc4-syguscomp2019___v1_PBE_Strings-f/,./euphony/stackoverflow4.sl,SUCCESS,16.44,162
cvc4-syguscomp2019___v1_PBE_Strings-f/,./euphony/remove-file-extension-from-filename.sl,SUCCESS,0.19,7
cvc4-syguscomp2019___v1_PBE_Strings-f/,./euphony/exceljet4.sl,SUCCESS,80.41,522
cvc4-syguscomp2019___v1_PBE_Strings-f/,./euphony/phone-5-short.sl,SUCCESS,0.08,25
cvc4-syguscomp2019___v1_PBE_Strings-f/,./euphony/remove-leading-and-trailing-spaces-from-text.sl,UNSOLVED,3600.08,n/a
cvc4-syguscomp2019___v1_PBE_Strings-f/,./euphony/count-specific-words-in-a-cell.sl,SUCCESS,0.04,8
cvc4-syguscomp2019___v1_PBE_Strings-f/,./euphony/extract-nth-word-from-text-string.sl,SUCCESS,241.21,83
cvc4-syguscomp2019___v1_PBE_Strings-f/,./euphony/phone-7-short.sl,SUCCESS,0.15,113
cvc4-syguscomp2019___v1_PBE_Strings-f/,./euphony/strip-numeric-characters-from-cell.sl,SUCCESS,0.44,33
cvc4-syguscomp2019___v1_PBE_Strings-f/,./euphony/remove-text-by-matching.sl,SUCCESS,0.60,7
cvc4-syguscomp2019___v1_PBE_Strings-f/,./euphony/cell-contains-specific-text.sl,SUCCESS,0.02,3
cvc4-syguscomp2019___v1_PBE_Strings-f/,./euphony/25239569.sl,SUCCESS,0.13,20
cvc4-syguscomp2019___v1_PBE_Strings-f/,./euphony/stackoverflow10.sl,SUCCESS,1.20,771
cvc4-syguscomp2019___v1_PBE_Strings-f/,./euphony/get-last-name-from-name-with-comma.sl,SUCCESS,26.24,20
cvc4-syguscomp2019___v1_PBE_Strings-f/,./euphony/39060015.sl,SUCCESS,64.65,111
cvc4-syguscomp2019___v1_PBE_Strings-f/,./euphony/stackoverflow9.sl,SUCCESS,128.74,117
cvc4-syguscomp2019___v1_PBE_Strings-f/,./euphony/stackoverflow1.sl,SUCCESS,58.06,44
cvc4-syguscomp2019___v1_PBE_Strings-f/,./euphony/17212077.sl,SUCCESS,1.06,54
cvc4-syguscomp2019___v1_PBE_Strings-f/,./euphony/count-consecutive-monthly-orders.sl,SUCCESS,6.26,46
cvc4-syguscomp2019___v1_PBE_Strings-f/,./euphony/count-total-characters-in-a-cell.sl,SUCCESS,0.02,2
cvc4-syguscomp2019___v1_PBE_Strings-f/,./euphony/cell-equals-one-of-many-things.sl,SUCCESS,737.88,12
cvc4-syguscomp2019___v1_PBE_Strings-f/,./euphony/40498040.sl,SUCCESS,0.13,6
cvc4-syguscomp2019___v1_PBE_Strings-f/,./euphony/cell-contains-some-words-but-not-others.sl,SUCCESS,0.02,3
cvc4-syguscomp2019___v1_PBE_Strings-f/,./euphony/count-total-words-in-a-cell.sl,SUCCESS,4.40,35
cvc4-syguscomp2019___v1_PBE_Strings-f/,./euphony/get-first-name-from-name.sl,SUCCESS,0.10,7
cvc4-syguscomp2019___v1_PBE_Strings-f/,./euphony/38871714.sl,SUCCESS,258.30,380
cvc4-syguscomp2019___v1_PBE_Strings-f/,./euphony/join-first-and-last-name.sl,SUCCESS,0.03,5
cvc4-syguscomp2019___v1_PBE_Strings-f/,./euphony/stackoverflow11.sl,SUCCESS,993.27,216
cvc4-syguscomp2019___v1_PBE_Strings-f/,./euphony/split-numbers-from-units-of-measure_2.sl,SUCCESS,0.04,22
cvc4-syguscomp2019___v1_PBE_Strings-f/,./euphony/28627624_1.sl,SUCCESS,5.73,9
cvc4-syguscomp2019___v1_PBE_Strings-f/,./euphony/19274448.sl,SUCCESS,0.02,3
cvc4-syguscomp2019___v1_PBE_Strings-f/,./euphony/count-specific-characters-in-a-cell.sl,SUCCESS,0.04,13
cvc4-syguscomp2019___v1_PBE_Strings-f/,./euphony/stackoverflow2.sl,SUCCESS,2.27,31
cvc4-syguscomp2019___v1_PBE_Strings-f/,./euphony/get-first-name-from-name-with-comma.sl,SUCCESS,5.76,66
cvc4-syguscomp2019___v1_PBE_Strings-f/,./euphony/remove-characters-from-left.sl,SUCCESS,0.14,15
cvc4-syguscomp2019___v1_PBE_Strings-f/,./euphony/strip-non-numeric-characters.sl,SUCCESS,0.13,40
cvc4-syguscomp2019___v1_PBE_Strings-f/,./euphony/cell-contains-one-of-many-with-exclusions.sl,SUCCESS,0.03,3
cvc4-syguscomp2019___v1_PBE_Strings-f/,./euphony/count-line-breaks-in-cell.sl,SUCCESS,0.11,21
cvc4-syguscomp2019___v1_PBE_Strings-f/,./euphony/get-domain-name-from-url.sl,SUCCESS,226.40,35
cvc4-syguscomp2019___v1_PBE_Strings-f/,./euphony/44789427.sl,SUCCESS,6.32,73
cvc4-syguscomp2019___v1_PBE_Strings-f/,./euphony/stackoverflow3.sl,SUCCESS,359.42,122
cvc4-syguscomp2019___v1_PBE_Strings-f/,./euphony/43120683.sl,SUCCESS,2.37,71
cvc4-syguscomp2019___v1_PBE_Strings-f/,./euphony/stackoverflow6.sl,SUCCESS,156.53,127
cvc4-syguscomp2019___v1_PBE_Strings-f/,./euphony/30732554.sl,SUCCESS,0.20,12
cvc4-syguscomp2019___v1_PBE_Strings-f/,./euphony/split-numbers-from-units-of-measure_1.sl,SUCCESS,0.03,21
cvc4-syguscomp2019___v1_PBE_Strings-f/,./euphony/cell-contains-one-of-many-things.sl,SUCCESS,0.02,3
cvc4-syguscomp2019___v1_PBE_Strings-f/,./euphony/31753108.sl,SUCCESS,8.72,158
cvc4-syguscomp2019___v1_PBE_Strings-f/,./euphony/convert-numbers-to-text.sl,SUCCESS,0.03,2
cvc4-syguscomp2019___v1_PBE_Strings-f/,./euphony/extract-text-between-parentheses.sl,SUCCESS,524.11,12
cvc4-syguscomp2019___v1_PBE_Strings-f/,./euphony/exceljet3.sl,SUCCESS,52.18,222
cvc4-syguscomp2019___v1_PBE_Strings-f/,./euphony/get-first-word.sl,SUCCESS,0.10,7
cvc4-syguscomp2019___v1_PBE_Strings-f/,./euphony/12948338.sl,SUCCESS,0.18,13
cvc4-syguscomp2019___v1_PBE_Strings-f/,./euphony/23435880.sl,SUCCESS,0.04,11
cvc4-syguscomp2019___v1_PBE_Strings-f/,./euphony/replace-one-character-with-another.sl,SUCCESS,0.62,7
cvc4-syguscomp2019___v1_PBE_Strings-f/,./euphony/remove-unwanted-characters.sl,SUCCESS,0.79,18
cvc4-syguscomp2019___v1_PBE_Strings-f/,./euphony/36462127.sl,SUCCESS,422.07,44
cvc4-syguscomp2019___v1_PBE_Strings-f/,./euphony/create-email-address-with-name-and-domain.sl,SUCCESS,0.04,9
cvc4-syguscomp2019___v1_PBE_Strings-f/,./euphony/create-email-address-from-name.sl,SUCCESS,0.04,7
cvc4-syguscomp2019___v1_PBE_Strings-f/,./euphony/remove-characters-from-right.sl,SUCCESS,0.35,8
cvc4-syguscomp2019___v1_PBE_Strings-f/,./euphony/split-text-and-numbers.sl,SUCCESS,0.15,28
cvc4-syguscomp2019___v1_PBE_Strings-f/,./euphony/exceljet2.sl,SUCCESS,24.96,48
cvc4-syguscomp2019___v1_PBE_Strings-f/,./euphony/get-last-line-in-cell.sl,UNSOLVED,3600.02,n/a
cvc4-syguscomp2019___v1_PBE_Strings-f/,./euphony/convert-text-to-numbers.sl,SUCCESS,0.02,2
cvc4-syguscomp2019___v1_PBE_Strings-f/,./euphony/cell-contains-number.sl,SUCCESS,0.45,6
cvc4-syguscomp2019___v1_PBE_Strings-f/,./euphony/add-a-line-break-with-a-formula.sl,SUCCESS,0.03,9
cvc4-syguscomp2019___v1_PBE_Strings-f/,./euphony/35744094.sl,SUCCESS,0.03,11
cvc4-syguscomp2019___v1_PBE_Strings-f/,./euphony/37534494.sl,SUCCESS,0.03,6
cvc4-syguscomp2019___v1_PBE_Strings-f/,./euphony/33619752.sl,SUCCESS,2.26,136
cvc4-syguscomp2019___v1_PBE_Strings-f/,./euphony/strip-html-from-text-or-numbers.sl,SUCCESS,205.22,106
cvc4-syguscomp2019___v1_PBE_Strings-f/,./euphony/11604909.sl,SUCCESS,2.15,19
cvc4-syguscomp2019___v1_PBE_Strings-f/,./euphony/34801680.sl,SUCCESS,291.09,133
cvc4-syguscomp2019___v1_PBE_Strings-f/,./euphony/extract-word-containing-specific-text.sl,SUCCESS,14.63,85
cvc4-syguscomp2019___v1_PBE_Strings-f/,./euphony/phone-6-short.sl,SUCCESS,0.08,26
cvc4-syguscomp2019___v1_PBE_Strings-f/,./euphony/get-last-word.sl,SUCCESS,121.98,51
cvc4-syguscomp2019___v1_PBE_Strings-f/,./euphony/37281007.sl,SUCCESS,0.02,3
cvc4-syguscomp2019___v1_PBE_Strings-f/,./euphony/clean-and-reformat-telephone-numbers.sl,SUCCESS,45.35,79
cvc4-syguscomp2019___v1_PBE_Strings-f/,./euphony/38664547.sl,SUCCESS,0.05,20
cvc4-syguscomp2019___v1_PBE_Strings-f/,./euphony/stackoverflow5.sl,SUCCESS,58.56,80
cvc4-syguscomp2019___v1_PBE_Strings-f/,./euphony/get-domain-from-email-address_2.sl,SUCCESS,0.38,7
cvc4-syguscomp2019___v1_PBE_Strings-f/,./euphony/exceljet1.sl,SUCCESS,138.61,106
cvc4-syguscomp2019___v1_PBE_Strings-f/,./euphony/remove-text-by-position.sl,SUCCESS,2101.38,205
cvc4-syguscomp2019___v1_PBE_Strings-f/,./euphony/get-last-name-from-name.sl,SUCCESS,8.83,26
cvc4-syguscomp2019___v1_PBE_Strings-f/,./euphony/split-text-string-at-specific-character.sl,SUCCESS,1360.72,131
cvc4-syguscomp2019___v1_PBE_Strings-f/,./euphony/19558979.sl,SUCCESS,0.04,31
cvc4-syguscomp2019___v1_PBE_Strings-f/,./euphony/change-negative-numbers-to-positive.sl,SUCCESS,0.05,4
cvc4-syguscomp2019___v1_PBE_Strings-f/,./euphony/2171308.sl,SUCCESS,1.02,12
cvc4-syguscomp2019___v1_PBE_Strings-f/,./euphony/compare-two-strings.sl,SUCCESS,0.02,3
cvc4-syguscomp2019___v1_PBE_Strings-f/,./euphony/phone-9-short.sl,SUCCESS,0.24,309
cvc4-syguscomp2019___v1_PBE_Strings-f/,./euphony/35016216.sl,SUCCESS,0.03,6
cvc4-syguscomp2019___v1_PBE_Strings-f/,./euphony/41503046.sl,SUCCESS,3.89,157
cvc4-syguscomp2019___v1_PBE_Strings-f/,./euphony/most-frequently-occurring-text.sl,SUCCESS,0.03,6
cvc4-syguscomp2019___v1_PBE_Strings-f/,./euphony/extract-word-that-begins-with-specific-character.sl,SUCCESS,87.15,60
cvc4-syguscomp2019___v1_PBE_Strings-f/,./euphony/position-of-2nd-3rd-etc-instance-of-character.sl,SUCCESS,2.71,4
cvc4-syguscomp2019___v1_PBE_Strings-f/,./euphony/cell-contains-all-of-many-things.sl,SUCCESS,0.03,3
cvc4-syguscomp2019___v1_PBE_Strings-f/,./euphony/get-middle-name-from-full-name.sl,SUCCESS,10.81,103
cvc4-syguscomp2019___v1_PBE_Strings-f/,./euphony/43606446.sl,SUCCESS,220.09,32
cvc4-syguscomp2019___v1_PBE_Strings-f/,./from_2018/phone-9-long.sl,SUCCESS,94.53,105
cvc4-syguscomp2019___v1_PBE_Strings-f/,./from_2018/bikes-long.sl,SUCCESS,1.93,7
cvc4-syguscomp2019___v1_PBE_Strings-f/,./from_2018/11440431.sl,SUCCESS,6.45,16
cvc4-syguscomp2019___v1_PBE_Strings-f/,./from_2018/name-combine-2-long-repeat.sl,SUCCESS,0.13,9
cvc4-syguscomp2019___v1_PBE_Strings-f/,./from_2018/phone-5-long.sl,SUCCESS,86.01,25
cvc4-syguscomp2019___v1_PBE_Strings-f/,./from_2018/univ_5_short.sl,SUCCESS,442.41,127
cvc4-syguscomp2019___v1_PBE_Strings-f/,./from_2018/phone-5_short.sl,SUCCESS,3.91,21
cvc4-syguscomp2019___v1_PBE_Strings-f/,./from_2018/phone-2.sl,SUCCESS,0.08,17
cvc4-syguscomp2019___v1_PBE_Strings-f/,./from_2018/univ_5.sl,SUCCESS,410.27,133
cvc4-syguscomp2019___v1_PBE_Strings-f/,./from_2018/phone-2-long-repeat.sl,SUCCESS,0.89,17
cvc4-syguscomp2019___v1_PBE_Strings-f/,./from_2018/max3.sl,SUCCESS,1787.83,16
cvc4-syguscomp2019___v1_PBE_Strings-f/,./from_2018/phone-6-long-repeat.sl,SUCCESS,85.81,26
cvc4-syguscomp2019___v1_PBE_Strings-f/,./from_2018/firstname_small.sl,SUCCESS,0.05,7
cvc4-syguscomp2019___v1_PBE_Strings-f/,./from_2018/name-combine-2_short.sl,SUCCESS,0.03,9
cvc4-syguscomp2019___v1_PBE_Strings-f/,./from_2018/initials-long-repeat.sl,SUCCESS,3.28,16
cvc4-syguscomp2019___v1_PBE_Strings-f/,./from_2018/name-combine-3-long.sl,SUCCESS,0.10,9
cvc4-syguscomp2019___v1_PBE_Strings-f/,./from_2018/phone-1-long.sl,SUCCESS,0.58,4
cvc4-syguscomp2019___v1_PBE_Strings-f/,./from_2018/initials.sl,SUCCESS,0.42,16
cvc4-syguscomp2019___v1_PBE_Strings-f/,./from_2018/univ_5-long-repeat.sl,UNSOLVED,0.06,n/a
cvc4-syguscomp2019___v1_PBE_Strings-f/,./from_2018/phone-10-long.sl,SUCCESS,137.58,135
cvc4-syguscomp2019___v1_PBE_Strings-f/,./from_2018/dr-name-long.sl,SUCCESS,0.76,11
cvc4-syguscomp2019___v1_PBE_Strings-f/,./from_2018/univ_4.sl,SUCCESS,0.93,69
cvc4-syguscomp2019___v1_PBE_Strings-f/,./from_2018/phone-7.sl,SUCCESS,5.10,26
cvc4-syguscomp2019___v1_PBE_Strings-f/,./from_2018/name-combine-3.sl,SUCCESS,0.03,9
cvc4-syguscomp2019___v1_PBE_Strings-f/,./from_2018/phone-10_short.sl,SUCCESS,7.20,112
cvc4-syguscomp2019___v1_PBE_Strings-f/,./from_2018/phone-7-long.sl,SUCCESS,89.21,26
cvc4-syguscomp2019___v1_PBE_Strings-f/,./from_2018/name-combine-4_short.sl,SUCCESS,0.03,11
cvc4-syguscomp2019___v1_PBE_Strings-f/,./from_2018/name-combine.sl,SUCCESS,0.03,5
cvc4-syguscomp2019___v1_PBE_Strings-f/,./from_2018/univ_2-long-repeat.sl,SUCCESS,0.10,45
cvc4-syguscomp2019___v1_PBE_Strings-f/,./from_2018/phone-3-long.sl,SUCCESS,0.99,25
cvc4-syguscomp2019___v1_PBE_Strings-f/,./from_2018/univ_2.sl,SUCCESS,0.06,40
cvc4-syguscomp2019___v1_PBE_Strings-f/,./from_2018/phone-5.sl,SUCCESS,5.37,25
cvc4-syguscomp2019___v1_PBE_Strings-f/,./from_2018/name-combine-2-long.sl,SUCCESS,0.12,9
cvc4-syguscomp2019___v1_PBE_Strings-f/,./from_2018/phone-8.sl,SUCCESS,5.31,22
cvc4-syguscomp2019___v1_PBE_Strings-f/,./from_2018/name-combine-4-long-repeat.sl,SUCCESS,0.11,11
cvc4-syguscomp2019___v1_PBE_Strings-f/,./from_2018/phone.sl,SUCCESS,0.03,11
cvc4-syguscomp2019___v1_PBE_Strings-f/,./from_2018/bikes_small.sl,SUCCESS,1.21,16
cvc4-syguscomp2019___v1_PBE_Strings-f/,./from_2018/firstname-long.sl,SUCCESS,0.22,7
cvc4-syguscomp2019___v1_PBE_Strings-f/,./from_2018/phone-7_short.sl,SUCCESS,3.76,26
cvc4-syguscomp2019___v1_PBE_Strings-f/,./from_2018/phone-6.sl,SUCCESS,4.97,26
cvc4-syguscomp2019___v1_PBE_Strings-f/,./from_2018/phone-3-long-repeat.sl,SUCCESS,1.01,25
cvc4-syguscomp2019___v1_PBE_Strings-f/,./from_2018/reverse-name-long.sl,SUCCESS,0.09,5
cvc4-syguscomp2019___v1_PBE_Strings-f/,./from_2018/initials-long.sl,SUCCESS,3.27,16
cvc4-syguscomp2019___v1_PBE_Strings-f/,./from_2018/univ_6.sl,SUCCESS,5.60,46
cvc4-syguscomp2019___v1_PBE_Strings-f/,./from_2018/name-combine-3-long-repeat.sl,SUCCESS,0.10,9
cvc4-syguscomp2019___v1_PBE_Strings-f/,./from_2018/phone-8-long-repeat.sl,SUCCESS,92.52,22
cvc4-syguscomp2019___v1_PBE_Strings-f/,./from_2018/phone-8_short.sl,SUCCESS,1.84,20
cvc4-syguscomp2019___v1_PBE_Strings-f/,./from_2018/lastname.sl,SUCCESS,2.49,10
cvc4-syguscomp2019___v1_PBE_Strings-f/,./from_2018/bikes.sl,SUCCESS,1.44,7
cvc4-syguscomp2019___v1_PBE_Strings-f/,./from_2018/reverse-name_short.sl,SUCCESS,0.03,5
cvc4-syguscomp2019___v1_PBE_Strings-f/,./from_2018/phone-3_short.sl,SUCCESS,0.12,25
cvc4-syguscomp2019___v1_PBE_Strings-f/,./from_2018/name-combine-long-repeat.sl,SUCCESS,0.10,5
cvc4-syguscomp2019___v1_PBE_Strings-f/,./from_2018/firstname.sl,SUCCESS,0.05,7
cvc4-syguscomp2019___v1_PBE_Strings-f/,./from_2018/name-combine-4-long.sl,SUCCESS,0.10,11
cvc4-syguscomp2019___v1_PBE_Strings-f/,./from_2018/univ_3-long-repeat.sl,UNSOLVED,0.06,n/a
cvc4-syguscomp2019___v1_PBE_Strings-f/,./from_2018/univ_1-long.sl,SUCCESS,0.05,7
cvc4-syguscomp2019___v1_PBE_Strings-f/,./from_2018/name-combine-4.sl,SUCCESS,0.04,11
cvc4-syguscomp2019___v1_PBE_Strings-f/,./from_2018/phone-8-long.sl,SUCCESS,92.81,22
cvc4-syguscomp2019___v1_PBE_Strings-f/,./from_2018/univ_4-long-repeat.sl,UNSOLVED,0.06,n/a
cvc4-syguscomp2019___v1_PBE_Strings-f/,./from_2018/univ_4-long.sl,SUCCESS,1.68,163
cvc4-syguscomp2019___v1_PBE_Strings-f/,./from_2018/univ_1-long-repeat.sl,SUCCESS,0.05,7
cvc4-syguscomp2019___v1_PBE_Strings-f/,./from_2018/firstname-long-repeat.sl,SUCCESS,0.22,7
cvc4-syguscomp2019___v1_PBE_Strings-f/,./from_2018/phone-4-long.sl,SUCCESS,0.98,31
cvc4-syguscomp2019___v1_PBE_Strings-f/,./from_2018/phone-long-repeat.sl,SUCCESS,0.18,11
cvc4-syguscomp2019___v1_PBE_Strings-f/,./from_2018/univ_6-long.sl,SUCCESS,8.36,157
cvc4-syguscomp2019___v1_PBE_Strings-f/,./from_2018/phone-1-long-repeat.sl,SUCCESS,0.59,4
cvc4-syguscomp2019___v1_PBE_Strings-f/,./from_2018/phone-3.sl,SUCCESS,0.13,25
cvc4-syguscomp2019___v1_PBE_Strings-f/,./from_2018/univ_5-long.sl,SUCCESS,2674.41,436
cvc4-syguscomp2019___v1_PBE_Strings-f/,./from_2018/phone-9-long-repeat.sl,SUCCESS,87.10,105
cvc4-syguscomp2019___v1_PBE_Strings-f/,./from_2018/univ_6-long-repeat.sl,UNSOLVED,0.06,n/a
cvc4-syguscomp2019___v1_PBE_Strings-f/,./from_2018/name-combine_short.sl,SUCCESS,0.03,5
cvc4-syguscomp2019___v1_PBE_Strings-f/,./from_2018/name-combine-long.sl,SUCCESS,0.09,5
cvc4-syguscomp2019___v1_PBE_Strings-f/,./from_2018/univ_1.sl,SUCCESS,0.03,7
cvc4-syguscomp2019___v1_PBE_Strings-f/,./from_2018/lastname-long-repeat.sl,SUCCESS,28.11,10
cvc4-syguscomp2019___v1_PBE_Strings-f/,./from_2018/dr-name.sl,SUCCESS,0.08,11
cvc4-syguscomp2019___v1_PBE_Strings-f/,./from_2018/phone-2-long.sl,SUCCESS,0.88,17
cvc4-syguscomp2019___v1_PBE_Strings-f/,./from_2018/reverse-name.sl,SUCCESS,0.03,5
cvc4-syguscomp2019___v1_PBE_Strings-f/,./from_2018/univ_3_short.sl,SUCCESS,0.06,12
cvc4-syguscomp2019___v1_PBE_Strings-f/,./from_2018/reverse-name-long-repeat.sl,SUCCESS,0.10,5
cvc4-syguscomp2019___v1_PBE_Strings-f/,./from_2018/dr-name_small.sl,SUCCESS,0.07,11
cvc4-syguscomp2019___v1_PBE_Strings-f/,./from_2018/phone-6-long.sl,SUCCESS,83.03,26
cvc4-syguscomp2019___v1_PBE_Strings-f/,./from_2018/phone-1_short.sl,SUCCESS,0.05,4
cvc4-syguscomp2019___v1_PBE_Strings-f/,./from_2018/phone-7-long-repeat.sl,SUCCESS,86.34,26
cvc4-syguscomp2019___v1_PBE_Strings-f/,./from_2018/phone-long.sl,SUCCESS,0.17,11
cvc4-syguscomp2019___v1_PBE_Strings-f/,./from_2018/phone-1.sl,SUCCESS,0.06,4
cvc4-syguscomp2019___v1_PBE_Strings-f/,./from_2018/phone-9.sl,SUCCESS,7.25,195
cvc4-syguscomp2019___v1_PBE_Strings-f/,./from_2018/univ_1_short.sl,SUCCESS,0.03,7
cvc4-syguscomp2019___v1_PBE_Strings-f/,./from_2018/phone-10.sl,SUCCESS,34.78,193
cvc4-syguscomp2019___v1_PBE_Strings-f/,./from_2018/name-combine-3_short.sl,SUCCESS,0.03,9
cvc4-syguscomp2019___v1_PBE_Strings-f/,./from_2018/univ_3-long.sl,SUCCESS,0.08,21
cvc4-syguscomp2019___v1_PBE_Strings-f/,./from_2018/initials_small.sl,SUCCESS,0.29,16
cvc4-syguscomp2019___v1_PBE_Strings-f/,./from_2018/name-combine-2.sl,SUCCESS,0.03,9
cvc4-syguscomp2019___v1_PBE_Strings-f/,./from_2018/phone-10-long-repeat.sl,SUCCESS,134.99,135
cvc4-syguscomp2019___v1_PBE_Strings-f/,./from_2018/phone-4_short.sl,SUCCESS,0.10,31
cvc4-syguscomp2019___v1_PBE_Strings-f/,./from_2018/phone-4.sl,SUCCESS,0.12,31
cvc4-syguscomp2019___v1_PBE_Strings-f/,./from_2018/lastname_small.sl,SUCCESS,2.03,10
cvc4-syguscomp2019___v1_PBE_Strings-f/,./from_2018/phone-4-long-repeat.sl,SUCCESS,0.99,31
cvc4-syguscomp2019___v1_PBE_Strings-f/,./from_2018/lastname-long.sl,SUCCESS,29.12,10
cvc4-syguscomp2019___v1_PBE_Strings-f/,./from_2018/univ_2_short.sl,SUCCESS,0.07,18
cvc4-syguscomp2019___v1_PBE_Strings-f/,./from_2018/dr-name-long-repeat.sl,SUCCESS,0.76,11
cvc4-syguscomp2019___v1_PBE_Strings-f/,./from_2018/phone-6_short.sl,SUCCESS,3.60,26
cvc4-syguscomp2019___v1_PBE_Strings-f/,./from_2018/univ_4_short.sl,SUCCESS,0.82,43
cvc4-syguscomp2019___v1_PBE_Strings-f/,./from_2018/phone-2_short.sl,SUCCESS,0.07,17
cvc4-syguscomp2019___v1_PBE_Strings-f/,./from_2018/phone_short.sl,SUCCESS,0.03,11
cvc4-syguscomp2019___v1_PBE_Strings-f/,./from_2018/phone-9_short.sl,SUCCESS,5.45,182
cvc4-syguscomp2019___v1_PBE_Strings-f/,./from_2018/phone-5-long-repeat.sl,SUCCESS,87.91,25
cvc4-syguscomp2019___v1_PBE_Strings-f/,./from_2018/bikes-long-repeat.sl,SUCCESS,1.92,7
cvc4-syguscomp2019___v1_PBE_Strings-f/,./from_2018/univ_6_short.sl,SUCCESS,0.79,35
cvc4-syguscomp2019___v1_PBE_Strings-f/,./from_2018/univ_3.sl,SUCCESS,0.05,12
cvc4-syguscomp2019___v1_PBE_Strings-f/,./from_2018/univ_2-long.sl,SUCCESS,0.10,33
cvc4-syguscomp2019___v1_PBE_Strings-s/,./euphony/stackoverflow7.sl,SUCCESS,1.28,15
cvc4-syguscomp2019___v1_PBE_Strings-s/,./euphony/join-cells-with-comma.sl,SUCCESS,0.04,18
cvc4-syguscomp2019___v1_PBE_Strings-s/,./euphony/find-nth-occurrence-of-character.sl,SUCCESS,114.37,33
cvc4-syguscomp2019___v1_PBE_Strings-s/,./euphony/stackoverflow8.sl,SUCCESS,235.14,54
cvc4-syguscomp2019___v1_PBE_Strings-s/,./euphony/stackoverflow4.sl,SUCCESS,811.50,116
cvc4-syguscomp2019___v1_PBE_Strings-s/,./euphony/remove-file-extension-from-filename.sl,SUCCESS,6.35,7
cvc4-syguscomp2019___v1_PBE_Strings-s/,./euphony/exceljet4.sl,UNSOLVED,3600.02,n/a
cvc4-syguscomp2019___v1_PBE_Strings-s/,./euphony/phone-5-short.sl,SUCCESS,1.15,25
cvc4-syguscomp2019___v1_PBE_Strings-s/,./euphony/remove-leading-and-trailing-spaces-from-text.sl,UNSOLVED,3600.05,n/a
cvc4-syguscomp2019___v1_PBE_Strings-s/,./euphony/count-specific-words-in-a-cell.sl,SUCCESS,0.16,8
cvc4-syguscomp2019___v1_PBE_Strings-s/,./euphony/extract-nth-word-from-text-string.sl,SUCCESS,1169.36,89
cvc4-syguscomp2019___v1_PBE_Strings-s/,./euphony/phone-7-short.sl,SUCCESS,3.41,43
cvc4-syguscomp2019___v1_PBE_Strings-s/,./euphony/strip-numeric-characters-from-cell.sl,SUCCESS,1.97,32
cvc4-syguscomp2019___v1_PBE_Strings-s/,./euphony/remove-text-by-matching.sl,SUCCESS,1.68,7
cvc4-syguscomp2019___v1_PBE_Strings-s/,./euphony/cell-contains-specific-text.sl,SUCCESS,0.08,3
cvc4-syguscomp2019___v1_PBE_Strings-s/,./euphony/25239569.sl,SUCCESS,0.34,20
cvc4-syguscomp2019___v1_PBE_Strings-s/,./euphony/stackoverflow10.sl,SUCCESS,84.31,253
cvc4-syguscomp2019___v1_PBE_Strings-s/,./euphony/get-last-name-from-name-with-comma.sl,SUCCESS,1579.00,22
cvc4-syguscomp2019___v1_PBE_Strings-s/,./euphony/39060015.sl,SUCCESS,1687.93,120
cvc4-syguscomp2019___v1_PBE_Strings-s/,./euphony/stackoverflow9.sl,UNSOLVED,3600.02,n/a
cvc4-syguscomp2019___v1_PBE_Strings-s/,./euphony/stackoverflow1.sl,SUCCESS,155.80,9
cvc4-syguscomp2019___v1_PBE_Strings-s/,./euphony/17212077.sl,SUCCESS,21.10,64
cvc4-syguscomp2019___v1_PBE_Strings-s/,./euphony/count-consecutive-monthly-orders.sl,SUCCESS,66.58,56
cvc4-syguscomp2019___v1_PBE_Strings-s/,./euphony/count-total-characters-in-a-cell.sl,SUCCESS,0.13,2
cvc4-syguscomp2019___v1_PBE_Strings-s/,./euphony/cell-equals-one-of-many-things.sl,UNSOLVED,3600.06,n/a
cvc4-syguscomp2019___v1_PBE_Strings-s/,./euphony/40498040.sl,SUCCESS,3.33,6
cvc4-syguscomp2019___v1_PBE_Strings-s/,./euphony/cell-contains-some-words-but-not-others.sl,SUCCESS,0.12,3
cvc4-syguscomp2019___v1_PBE_Strings-s/,./euphony/count-total-words-in-a-cell.sl,UNSOLVED,3600.10,n/a
cvc4-syguscomp2019___v1_PBE_Strings-s/,./euphony/get-first-name-from-name.sl,SUCCESS,2.37,7
cvc4-syguscomp2019___v1_PBE_Strings-s/,./euphony/38871714.sl,UNSOLVED,3600.02,n/a
cvc4-syguscomp2019___v1_PBE_Strings-s/,./euphony/join-first-and-last-name.sl,SUCCESS,0.03,5
cvc4-syguscomp2019___v1_PBE_Strings-s/,./euphony/stackoverflow11.sl,UNSOLVED,3600.02,n/a
cvc4-syguscomp2019___v1_PBE_Strings-s/,./euphony/split-numbers-from-units-of-measure_2.sl,SUCCESS,0.16,22
cvc4-syguscomp2019___v1_PBE_Strings-s/,./euphony/28627624_1.sl,SUCCESS,114.81,9
cvc4-syguscomp2019___v1_PBE_Strings-s/,./euphony/19274448.sl,SUCCESS,0.05,3
cvc4-syguscomp2019___v1_PBE_Strings-s/,./euphony/count-specific-characters-in-a-cell.sl,SUCCESS,0.20,13
cvc4-syguscomp2019___v1_PBE_Strings-s/,./euphony/stackoverflow2.sl,SUCCESS,31.05,28
cvc4-syguscomp2019___v1_PBE_Strings-s/,./euphony/get-first-name-from-name-with-comma.sl,UNSOLVED,3600.02,n/a
cvc4-syguscomp2019___v1_PBE_Strings-s/,./euphony/remove-characters-from-left.sl,SUCCESS,0.49,7
cvc4-syguscomp2019___v1_PBE_Strings-s/,./euphony/strip-non-numeric-characters.sl,SUCCESS,1.13,39
cvc4-syguscomp2019___v1_PBE_Strings-s/,./euphony/cell-contains-one-of-many-with-exclusions.sl,SUCCESS,0.15,3
cvc4-syguscomp2019___v1_PBE_Strings-s/,./euphony/count-line-breaks-in-cell.sl,SUCCESS,1.94,22
cvc4-syguscomp2019___v1_PBE_Strings-s/,./euphony/get-domain-name-from-url.sl,UNSOLVED,3600.07,n/a
cvc4-syguscomp2019___v1_PBE_Strings-s/,./euphony/44789427.sl,SUCCESS,451.77,73
cvc4-syguscomp2019___v1_PBE_Strings-s/,./euphony/stackoverflow3.sl,UNSOLVED,3600.11,n/a
cvc4-syguscomp2019___v1_PBE_Strings-s/,./euphony/43120683.sl,SUCCESS,24.20,57
cvc4-syguscomp2019___v1_PBE_Strings-s/,./euphony/stackoverflow6.sl,UNSOLVED,3600.02,n/a
cvc4-syguscomp2019___v1_PBE_Strings-s/,./euphony/30732554.sl,SUCCESS,8.13,12
cvc4-syguscomp2019___v1_PBE_Strings-s/,./euphony/split-numbers-from-units-of-measure_1.sl,SUCCESS,0.15,17
cvc4-syguscomp2019___v1_PBE_Strings-s/,./euphony/cell-contains-one-of-many-things.sl,SUCCESS,0.11,3
cvc4-syguscomp2019___v1_PBE_Strings-s/,./euphony/31753108.sl,SUCCESS,170.46,125
cvc4-syguscomp2019___v1_PBE_Strings-s/,./euphony/convert-numbers-to-text.sl,SUCCESS,0.04,2
cvc4-syguscomp2019___v1_PBE_Strings-s/,./euphony/extract-text-between-parentheses.sl,UNSOLVED,3600.11,n/a
cvc4-syguscomp2019___v1_PBE_Strings-s/,./euphony/exceljet3.sl,UNSOLVED,3600.01,n/a
cvc4-syguscomp2019___v1_PBE_Strings-s/,./euphony/get-first-word.sl,SUCCESS,2.04,7
cvc4-syguscomp2019___v1_PBE_Strings-s/,./euphony/12948338.sl,SUCCESS,6.58,14
cvc4-syguscomp2019___v1_PBE_Strings-s/,./euphony/23435880.sl,SUCCESS,0.10,11
cvc4-syguscomp2019___v1_PBE_Strings-s/,./euphony/replace-one-character-with-another.sl,SUCCESS,0.27,7
cvc4-syguscomp2019___v1_PBE_Strings-s/,./euphony/remove-unwanted-characters.sl,SUCCESS,0.93,7
cvc4-syguscomp2019___v1_PBE_Strings-s/,./euphony/36462127.sl,UNSOLVED,3600.03,n/a
cvc4-syguscomp2019___v1_PBE_Strings-s/,./euphony/create-email-address-with-name-and-domain.sl,SUCCESS,0.15,10
cvc4-syguscomp2019___v1_PBE_Strings-s/,./euphony/create-email-address-from-name.sl,SUCCESS,0.06,7
cvc4-syguscomp2019___v1_PBE_Strings-s/,./euphony/remove-characters-from-right.sl,SUCCESS,146.64,8
cvc4-syguscomp2019___v1_PBE_Strings-s/,./euphony/split-text-and-numbers.sl,SUCCESS,0.76,59
cvc4-syguscomp2019___v1_PBE_Strings-s/,./euphony/exceljet2.sl,SUCCESS,1060.15,70
cvc4-syguscomp2019___v1_PBE_Strings-s/,./euphony/get-last-line-in-cell.sl,UNSOLVED,3600.01,n/a
cvc4-syguscomp2019___v1_PBE_Strings-s/,./euphony/convert-text-to-numbers.sl,SUCCESS,0.04,2
cvc4-syguscomp2019___v1_PBE_Strings-s/,./euphony/cell-contains-number.sl,SUCCESS,0.29,6
cvc4-syguscomp2019___v1_PBE_Strings-s/,./euphony/add-a-line-break-with-a-formula.sl,SUCCESS,0.05,9
cvc4-syguscomp2019___v1_PBE_Strings-s/,./euphony/35744094.sl,SUCCESS,0.08,11
cvc4-syguscomp2019___v1_PBE_Strings-s/,./euphony/37534494.sl,SUCCESS,0.06,6
cvc4-syguscomp2019___v1_PBE_Strings-s/,./euphony/33619752.sl,SUCCESS,89.18,42
cvc4-syguscomp2019___v1_PBE_Strings-s/,./euphony/strip-html-from-text-or-numbers.sl,UNSOLVED,3600.01,n/a
cvc4-syguscomp2019___v1_PBE_Strings-s/,./euphony/11604909.sl,SUCCESS,59.24,20
cvc4-syguscomp2019___v1_PBE_Strings-s/,./euphony/34801680.sl,UNSOLVED,3600.02,n/a
cvc4-syguscomp2019___v1_PBE_Strings-s/,./euphony/extract-word-containing-specific-text.sl,SUCCESS,398.04,46
cvc4-syguscomp2019___v1_PBE_Strings-s/,./euphony/phone-6-short.sl,SUCCESS,1.14,26
cvc4-syguscomp2019___v1_PBE_Strings-s/,./euphony/get-last-word.sl,UNSOLVED,3600.07,n/a
cvc4-syguscomp2019___v1_PBE_Strings-s/,./euphony/37281007.sl,SUCCESS,0.04,3
cvc4-syguscomp2019___v1_PBE_Strings-s/,./euphony/clean-and-reformat-telephone-numbers.sl,SUCCESS,127.14,87
cvc4-syguscomp2019___v1_PBE_Strings-s/,./euphony/38664547.sl,SUCCESS,0.15,9
cvc4-syguscomp2019___v1_PBE_Strings-s/,./euphony/stackoverflow5.sl,SUCCESS,662.57,9
cvc4-syguscomp2019___v1_PBE_Strings-s/,./euphony/get-domain-from-email-address_2.sl,SUCCESS,10.01,7
cvc4-syguscomp2019___v1_PBE_Strings-s/,./euphony/exceljet1.sl,UNSOLVED,3600.09,n/a
cvc4-syguscomp2019___v1_PBE_Strings-s/,./euphony/remove-text-by-position.sl,UNSOLVED,3600.02,n/a
cvc4-syguscomp2019___v1_PBE_Strings-s/,./euphony/get-last-name-from-name.sl,SUCCESS,759.18,19
cvc4-syguscomp2019___v1_PBE_Strings-s/,./euphony/split-text-string-at-specific-character.sl,UNSOLVED,3600.01,n/a
cvc4-syguscomp2019___v1_PBE_Strings-s/,./euphony/19558979.sl,SUCCESS,0.24,31
cvc4-syguscomp2019___v1_PBE_Strings-s/,./euphony/change-negative-numbers-to-positive.sl,SUCCESS,0.15,4
cvc4-syguscomp2019___v1_PBE_Strings-s/,./euphony/2171308.sl,SUCCESS,25.16,12
cvc4-syguscomp2019___v1_PBE_Strings-s/,./euphony/compare-two-strings.sl,SUCCESS,0.04,3
cvc4-syguscomp2019___v1_PBE_Strings-s/,./euphony/phone-9-short.sl,SUCCESS,51.96,282
cvc4-syguscomp2019___v1_PBE_Strings-s/,./euphony/35016216.sl,SUCCESS,0.07,6
cvc4-syguscomp2019___v1_PBE_Strings-s/,./euphony/41503046.sl,SUCCESS,32.13,20
cvc4-syguscomp2019___v1_PBE_Strings-s/,./euphony/most-frequently-occurring-text.sl,SUCCESS,0.04,6
cvc4-syguscomp2019___v1_PBE_Strings-s/,./euphony/extract-word-that-begins-with-specific-character.sl,UNSOLVED,3600.11,n/a
cvc4-syguscomp2019___v1_PBE_Strings-s/,./euphony/position-of-2nd-3rd-etc-instance-of-character.sl,SUCCESS,6.49,4
cvc4-syguscomp2019___v1_PBE_Strings-s/,./euphony/cell-contains-all-of-many-things.sl,SUCCESS,0.10,3
cvc4-syguscomp2019___v1_PBE_Strings-s/,./euphony/get-middle-name-from-full-name.sl,UNSOLVED,3600.11,n/a
cvc4-syguscomp2019___v1_PBE_Strings-s/,./euphony/43606446.sl,UNSOLVED,3600.11,n/a
cvc4-syguscomp2019___v1_PBE_Strings-s/,./from_2018/phone-9-long.sl,SUCCESS,106.63,72
cvc4-syguscomp2019___v1_PBE_Strings-s/,./from_2018/bikes-long.sl,SUCCESS,67.12,28
cvc4-syguscomp2019___v1_PBE_Strings-s/,./from_2018/11440431.sl,SUCCESS,1.41,18
cvc4-syguscomp2019___v1_PBE_Strings-s/,./from_2018/name-combine-2-long-repeat.sl,SUCCESS,0.16,9
cvc4-syguscomp2019___v1_PBE_Strings-s/,./from_2018/phone-5-long.sl,SUCCESS,64.50,30
cvc4-syguscomp2019___v1_PBE_Strings-s/,./from_2018/univ_5_short.sl,UNSOLVED,3600.03,n/a
cvc4-syguscomp2019___v1_PBE_Strings-s/,./from_2018/phone-5_short.sl,SUCCESS,97.29,30
cvc4-syguscomp2019___v1_PBE_Strings-s/,./from_2018/phone-2.sl,SUCCESS,1.38,6
cvc4-syguscomp2019___v1_PBE_Strings-s/,./from_2018/univ_5.sl,UNSOLVED,3600.01,n/a
cvc4-syguscomp2019___v1_PBE_Strings-s/,./from_2018/phone-2-long-repeat.sl,SUCCESS,5.51,6
cvc4-syguscomp2019___v1_PBE_Strings-s/,./from_2018/max3.sl,SUCCESS,1770.64,16
cvc4-syguscomp2019___v1_PBE_Strings-s/,./from_2018/phone-6-long-repeat.sl,SUCCESS,109.20,26
cvc4-syguscomp2019___v1_PBE_Strings-s/,./from_2018/firstname_small.sl,SUCCESS,0.46,7
cvc4-syguscomp2019___v1_PBE_Strings-s/,./from_2018/name-combine-2_short.sl,SUCCESS,0.05,9
cvc4-syguscomp2019___v1_PBE_Strings-s/,./from_2018/initials-long-repeat.sl,SUCCESS,10.47,16
cvc4-syguscomp2019___v1_PBE_Strings-s/,./from_2018/name-combine-3-long.sl,SUCCESS,0.14,9
cvc4-syguscomp2019___v1_PBE_Strings-s/,./from_2018/phone-1-long.sl,SUCCESS,0.82,4
cvc4-syguscomp2019___v1_PBE_Strings-s/,./from_2018/initials.sl,SUCCESS,5.18,16
cvc4-syguscomp2019___v1_PBE_Strings-s/,./from_2018/univ_5-long-repeat.sl,UNSOLVED,0.06,n/a
cvc4-syguscomp2019___v1_PBE_Strings-s/,./from_2018/phone-10-long.sl,SUCCESS,376.55,48
cvc4-syguscomp2019___v1_PBE_Strings-s/,./from_2018/dr-name-long.sl,SUCCESS,12.18,11
cvc4-syguscomp2019___v1_PBE_Strings-s/,./from_2018/univ_4.sl,SUCCESS,0.84,57
cvc4-syguscomp2019___v1_PBE_Strings-s/,./from_2018/phone-7.sl,SUCCESS,75.01,9
cvc4-syguscomp2019___v1_PBE_Strings-s/,./from_2018/name-combine-3.sl,SUCCESS,0.05,9
cvc4-syguscomp2019___v1_PBE_Strings-s/,./from_2018/phone-10_short.sl,SUCCESS,119.10,121
cvc4-syguscomp2019___v1_PBE_Strings-s/,./from_2018/phone-7-long.sl,SUCCESS,260.43,9
cvc4-syguscomp2019___v1_PBE_Strings-s/,./from_2018/name-combine-4_short.sl,SUCCESS,0.05,11
cvc4-syguscomp2019___v1_PBE_Strings-s/,./from_2018/name-combine.sl,SUCCESS,0.03,5
cvc4-syguscomp2019___v1_PBE_Strings-s/,./from_2018/univ_2-long-repeat.sl,SUCCESS,0.31,55
cvc4-syguscomp2019___v1_PBE_Strings-s/,./from_2018/phone-3-long.sl,SUCCESS,2.06,22
cvc4-syguscomp2019___v1_PBE_Strings-s/,./from_2018/univ_2.sl,SUCCESS,0.17,27
cvc4-syguscomp2019___v1_PBE_Strings-s/,./from_2018/phone-5.sl,SUCCESS,16.58,30
cvc4-syguscomp2019___v1_PBE_Strings-s/,./from_2018/name-combine-2-long.sl,SUCCESS,0.15,9
cvc4-syguscomp2019___v1_PBE_Strings-s/,./from_2018/phone-8.sl,SUCCESS,78.80,9
cvc4-syguscomp2019___v1_PBE_Strings-s/,./from_2018/name-combine-4-long-repeat.sl,SUCCESS,0.15,11
cvc4-syguscomp2019___v1_PBE_Strings-s/,./from_2018/phone.sl,SUCCESS,0.10,4
cvc4-syguscomp2019___v1_PBE_Strings-s/,./from_2018/bikes_small.sl,SUCCESS,88.05,20
cvc4-syguscomp2019___v1_PBE_Strings-s/,./from_2018/firstname-long.sl,SUCCESS,1.91,7
cvc4-syguscomp2019___v1_PBE_Strings-s/,./from_2018/phone-7_short.sl,SUCCESS,103.66,9
cvc4-syguscomp2019___v1_PBE_Strings-s/,./from_2018/phone-6.sl,SUCCESS,36.62,9
cvc4-syguscomp2019___v1_PBE_Strings-s/,./from_2018/phone-3-long-repeat.sl,SUCCESS,2.06,22
cvc4-syguscomp2019___v1_PBE_Strings-s/,./from_2018/reverse-name-long.sl,SUCCESS,0.09,5
cvc4-syguscomp2019___v1_PBE_Strings-s/,./from_2018/initials-long.sl,SUCCESS,10.46,16
cvc4-syguscomp2019___v1_PBE_Strings-s/,./from_2018/univ_6.sl,SUCCESS,221.23,42
cvc4-syguscomp2019___v1_PBE_Strings-s/,./from_2018/name-combine-3-long-repeat.sl,SUCCESS,0.15,9
cvc4-syguscomp2019___v1_PBE_Strings-s/,./from_2018/phone-8-long-repeat.sl,SUCCESS,305.08,9
cvc4-syguscomp2019___v1_PBE_Strings-s/,./from_2018/phone-8_short.sl,SUCCESS,165.04,7
cvc4-syguscomp2019___v1_PBE_Strings-s/,./from_2018/lastname.sl,SUCCESS,160.83,10
cvc4-syguscomp2019___v1_PBE_Strings-s/,./from_2018/bikes.sl,SUCCESS,122.73,14
cvc4-syguscomp2019___v1_PBE_Strings-s/,./from_2018/reverse-name_short.sl,SUCCESS,0.03,5
cvc4-syguscomp2019___v1_PBE_Strings-s/,./from_2018/phone-3_short.sl,SUCCESS,0.39,18
cvc4-syguscomp2019___v1_PBE_Strings-s/,./from_2018/name-combine-long-repeat.sl,SUCCESS,0.10,5
cvc4-syguscomp2019___v1_PBE_Strings-s/,./from_2018/firstname.sl,SUCCESS,0.88,7
cvc4-syguscomp2019___v1_PBE_Strings-s/,./from_2018/name-combine-4-long.sl,SUCCESS,0.15,11
cvc4-syguscomp2019___v1_PBE_Strings-s/,./from_2018/univ_3-long-repeat.sl,UNSOLVED,0.06,n/a
cvc4-syguscomp2019___v1_PBE_Strings-s/,./from_2018/univ_1-long.sl,SUCCESS,0.05,7
cvc4-syguscomp2019___v1_PBE_Strings-s/,./from_2018/name-combine-4.sl,SUCCESS,0.05,11
cvc4-syguscomp2019___v1_PBE_Strings-s/,./from_2018/phone-8-long.sl,SUCCESS,303.41,9
cvc4-syguscomp2019___v1_PBE_Strings-s/,./from_2018/univ_4-long-repeat.sl,UNSOLVED,0.06,n/a
cvc4-syguscomp2019___v1_PBE_Strings-s/,./from_2018/univ_4-long.sl,SUCCESS,4.52,51
cvc4-syguscomp2019___v1_PBE_Strings-s/,./from_2018/univ_1-long-repeat.sl,SUCCESS,0.05,7
cvc4-syguscomp2019___v1_PBE_Strings-s/,./from_2018/firstname-long-repeat.sl,SUCCESS,1.92,7
cvc4-syguscomp2019___v1_PBE_Strings-s/,./from_2018/phone-4-long.sl,SUCCESS,9.69,26
cvc4-syguscomp2019___v1_PBE_Strings-s/,./from_2018/phone-long-repeat.sl,SUCCESS,0.82,4
cvc4-syguscomp2019___v1_PBE_Strings-s/,./from_2018/univ_6-long.sl,SUCCESS,324.02,59
cvc4-syguscomp2019___v1_PBE_Strings-s/,./from_2018/phone-1-long-repeat.sl,SUCCESS,0.83,4
cvc4-syguscomp2019___v1_PBE_Strings-s/,./from_2018/phone-3.sl,SUCCESS,0.77,22
cvc4-syguscomp2019___v1_PBE_Strings-s/,./from_2018/univ_5-long.sl,SUCCESS,3556.69,334
cvc4-syguscomp2019___v1_PBE_Strings-s/,./from_2018/phone-9-long-repeat.sl,SUCCESS,103.20,72
cvc4-syguscomp2019___v1_PBE_Strings-s/,./from_2018/univ_6-long-repeat.sl,UNSOLVED,0.06,n/a
cvc4-syguscomp2019___v1_PBE_Strings-s/,./from_2018/name-combine_short.sl,SUCCESS,0.03,5
cvc4-syguscomp2019___v1_PBE_Strings-s/,./from_2018/name-combine-long.sl,SUCCESS,0.09,5
cvc4-syguscomp2019___v1_PBE_Strings-s/,./from_2018/univ_1.sl,SUCCESS,0.03,7
cvc4-syguscomp2019___v1_PBE_Strings-s/,./from_2018/lastname-long-repeat.sl,SUCCESS,33.52,10
cvc4-syguscomp2019___v1_PBE_Strings-s/,./from_2018/dr-name.sl,SUCCESS,3.39,11
cvc4-syguscomp2019___v1_PBE_Strings-s/,./from_2018/phone-2-long.sl,SUCCESS,5.46,6
cvc4-syguscomp2019___v1_PBE_Strings-s/,./from_2018/reverse-name.sl,SUCCESS,0.03,5
cvc4-syguscomp2019___v1_PBE_Strings-s/,./from_2018/univ_3_short.sl,SUCCESS,0.15,23
cvc4-syguscomp2019___v1_PBE_Strings-s/,./from_2018/reverse-name-long-repeat.sl,SUCCESS,0.10,5
cvc4-syguscomp2019___v1_PBE_Strings-s/,./from_2018/dr-name_small.sl,SUCCESS,0.86,11
cvc4-syguscomp2019___v1_PBE_Strings-s/,./from_2018/phone-6-long.sl,SUCCESS,109.54,26
cvc4-syguscomp2019___v1_PBE_Strings-s/,./from_2018/phone-1_short.sl,SUCCESS,0.07,8
cvc4-syguscomp2019___v1_PBE_Strings-s/,./from_2018/phone-7-long-repeat.sl,SUCCESS,263.70,9
cvc4-syguscomp2019___v1_PBE_Strings-s/,./from_2018/phone-long.sl,SUCCESS,0.81,4
cvc4-syguscomp2019___v1_PBE_Strings-s/,./from_2018/phone-1.sl,SUCCESS,0.10,4
cvc4-syguscomp2019___v1_PBE_Strings-s/,./from_2018/phone-9.sl,SUCCESS,182.49,74
cvc4-syguscomp2019___v1_PBE_Strings-s/,./from_2018/univ_1_short.sl,SUCCESS,0.03,7
cvc4-syguscomp2019___v1_PBE_Strings-s/,./from_2018/phone-10.sl,SUCCESS,100.73,46
cvc4-syguscomp2019___v1_PBE_Strings-s/,./from_2018/name-combine-3_short.sl,SUCCESS,0.04,9
cvc4-syguscomp2019___v1_PBE_Strings-s/,./from_2018/univ_3-long.sl,SUCCESS,0.25,14
cvc4-syguscomp2019___v1_PBE_Strings-s/,./from_2018/initials_small.sl,SUCCESS,6.63,16
cvc4-syguscomp2019___v1_PBE_Strings-s/,./from_2018/name-combine-2.sl,SUCCESS,0.03,9
cvc4-syguscomp2019___v1_PBE_Strings-s/,./from_2018/phone-10-long-repeat.sl,SUCCESS,375.53,48
cvc4-syguscomp2019___v1_PBE_Strings-s/,./from_2018/phone-4_short.sl,SUCCESS,3.10,21
cvc4-syguscomp2019___v1_PBE_Strings-s/,./from_2018/phone-4.sl,SUCCESS,2.06,26
cvc4-syguscomp2019___v1_PBE_Strings-s/,./from_2018/lastname_small.sl,SUCCESS,97.24,10
cvc4-syguscomp2019___v1_PBE_Strings-s/,./from_2018/phone-4-long-repeat.sl,SUCCESS,9.60,26
cvc4-syguscomp2019___v1_PBE_Strings-s/,./from_2018/lastname-long.sl,SUCCESS,33.70,10
cvc4-syguscomp2019___v1_PBE_Strings-s/,./from_2018/univ_2_short.sl,SUCCESS,0.16,33
cvc4-syguscomp2019___v1_PBE_Strings-s/,./from_2018/dr-name-long-repeat.sl,SUCCESS,12.32,11
cvc4-syguscomp2019___v1_PBE_Strings-s/,./from_2018/phone-6_short.sl,SUCCESS,94.33,21
cvc4-syguscomp2019___v1_PBE_Strings-s/,./from_2018/univ_4_short.sl,SUCCESS,2.01,44
cvc4-syguscomp2019___v1_PBE_Strings-s/,./from_2018/phone-2_short.sl,SUCCESS,2.10,14
cvc4-syguscomp2019___v1_PBE_Strings-s/,./from_2018/phone_short.sl,SUCCESS,0.04,11
cvc4-syguscomp2019___v1_PBE_Strings-s/,./from_2018/phone-9_short.sl,SUCCESS,544.47,130
cvc4-syguscomp2019___v1_PBE_Strings-s/,./from_2018/phone-5-long-repeat.sl,SUCCESS,66.54,30
cvc4-syguscomp2019___v1_PBE_Strings-s/,./from_2018/bikes-long-repeat.sl,SUCCESS,62.93,28
cvc4-syguscomp2019___v1_PBE_Strings-s/,./from_2018/univ_6_short.sl,SUCCESS,1.92,46
cvc4-syguscomp2019___v1_PBE_Strings-s/,./from_2018/univ_3.sl,SUCCESS,0.16,23
cvc4-syguscomp2019___v1_PBE_Strings-s/,./from_2018/univ_2-long.sl,SUCCESS,0.30,31
